{
    "0": "Adjustable Wrench", 
    "1": "Axe",
    "2": "Back Saw",
    "3": "Bolt",
    "4": "Brace",
    "5": "Bradawl",
    "6": "Clip",
    "7": "Diagonal Pliers",
    "8": "Dynanometer",
    "9": "Hammer",
    "10": "Hand Saw",
    "11": "Knife",
    "12": "Line Mans Pliers",
    "13": "Mallet",
    "14": "Nails",
    "15": "Needle Nose Pliers",
    "16": "Pebble",
    "17": "Pliers",
    "18": "Screw",
    "19": "Screwdriver",
    "20": "Slip Joint Pliers",
    "21": "Tester",
    "22": "Tool Box",
    "23": "Wrench"
}
